id,failure_prob,failure_pred
1,0.000307,0
4,0.00044,0
5,0.000562,0
9,5.2e-05,0
11,0.000166,0
13,4.5e-05,0
20,0.001524,0
21,0.000468,0
27,0.000129,0
35,0.001202,0
38,0.003185,0
42,0.003487,0
55,0.000102,0
56,0.000261,0
61,0.000275,0
65,0.001165,0
76,0.070805,0
80,0.000215,0
92,7.1e-05,0
97,0.000125,0
101,0.000283,0
108,0.000362,0
119,0.001019,0
120,0.002353,0
128,0.000802,0
129,0.001547,0
131,0.001038,0
132,0.006374,0
133,0.003732,0
136,0.002778,0
140,0.001049,0
143,0.002087,0
148,0.004564,0
156,0.195046,0
157,0.075958,0
163,0.000188,0
166,0.000161,0
196,0.002798,0
197,0.002833,0
204,0.001378,0
210,0.005379,0
214,0.000516,0
215,0.001051,0
221,0.001164,0
232,0.002566,0
233,0.002668,0
240,0.026846,0
242,0.945244,1
244,0.057849,0
249,0.996493,1
261,9e-05,0
267,0.000598,0
272,8.2e-05,0
274,0.00043,0
281,0.000343,0
283,0.00076,0
287,0.000525,0
289,0.003995,0
293,0.003178,0
306,0.005273,0
313,0.001861,0
314,0.001023,0
318,0.000777,0
323,0.001561,0
330,0.454601,0
342,2.7e-05,0
351,2.5e-05,0
354,8e-06,0
358,3.8e-05,0
365,0.002446,0
375,0.000595,0
377,0.002995,0
380,0.954854,1
386,0.001657,0
388,0.000531,0
398,4.9e-05,0
404,0.001125,0
405,0.256185,0
409,0.000441,0
417,0.358373,0
418,5.1e-05,0
420,0.000145,0
426,4.7e-05,0
431,9.4e-05,0
433,1.4e-05,0
442,0.792898,1
459,0.00026,0
470,0.000272,0
474,0.000303,0
482,0.000193,0
497,0.015754,0
504,1.6e-05,0
518,9.4e-05,0
520,1.2e-05,0
528,0.000148,0
530,7.9e-05,0
539,4.9e-05,0
541,0.000313,0
542,5.5e-05,0
545,0.000267,0
552,3.9e-05,0
553,0.00014,0
555,0.000152,0
561,4.9e-05,0
568,0.000996,0
572,0.003463,0
575,0.023018,0
585,0.455783,0
588,0.03827,0
591,0.013784,0
592,0.062611,0
597,0.000183,0
600,0.000267,0
618,0.000497,0
624,0.002908,0
632,0.00197,0
637,0.000831,0
647,8.8e-05,0
652,0.000122,0
653,0.000307,0
656,1.6e-05,0
663,0.000341,0
677,2.9e-05,0
679,0.000857,0
681,6e-06,0
684,2e-05,0
685,1.9e-05,0
689,0.000149,0
704,0.000644,0
706,0.000625,0
716,0.000496,0
717,0.000267,0
721,0.000252,0
732,0.000143,0
734,0.000771,0
735,0.000399,0
744,0.000738,0
747,0.112926,0
754,0.014274,0
773,1.3e-05,0
779,8.8e-05,0
787,8.9e-05,0
788,0.000118,0
789,4.8e-05,0
794,0.000509,0
797,8.5e-05,0
803,0.004548,0
810,0.000152,0
812,0.002543,0
823,0.000122,0
825,6.6e-05,0
833,0.00059,0
840,0.001833,0
841,0.006007,0
842,0.515533,1
843,0.010148,0
844,0.906387,1
846,0.079351,0
850,0.00232,0
852,0.000616,0
866,0.000141,0
870,0.002053,0
871,0.000511,0
873,0.000413,0
874,0.001958,0
881,0.000361,0
884,0.001039,0
897,0.001056,0
899,0.002799,0
913,0.00185,0
914,0.000163,0
916,0.00039,0
921,0.000629,0
924,0.044204,0
926,0.98242,1
939,2.7e-05,0
940,7.8e-05,0
941,0.000168,0
943,5.3e-05,0
945,0.000609,0
947,7.2e-05,0
951,0.005338,0
956,0.000563,0
959,0.009522,0
962,0.000256,0
966,0.000932,0
973,0.001602,0
974,0.016363,0
976,0.000748,0
977,0.001723,0
978,0.000201,0
979,0.001008,0
982,0.000112,0
984,0.000301,0
986,0.000923,0
989,0.00127,0
991,9.8e-05,0
997,0.000559,0
1003,0.000567,0
1007,0.000108,0
1009,0.000102,0
1011,8e-05,0
1019,0.000216,0
1024,0.000238,0
1028,2.4e-05,0
1031,0.003921,0
1032,0.000148,0
1038,0.00012,0
1039,0.000352,0
1040,0.000118,0
1045,0.000774,0
1050,0.000688,0
1052,0.041682,0
1059,0.000545,0
1064,0.000273,0
1067,0.000298,0
1069,0.000159,0
1074,0.000247,0
1082,0.000255,0
1083,0.001309,0
1084,0.00157,0
1085,0.698546,1
1088,9.2e-05,0
1089,0.000189,0
1091,4.4e-05,0
1092,0.000122,0
1096,0.000123,0
1104,0.000124,0
1108,3.7e-05,0
1109,0.003747,0
1127,0.0008,0
1150,0.000139,0
1152,0.00019,0
1169,0.287666,0
1181,0.000383,0
1183,1.1e-05,0
1187,0.000138,0
1198,8.1e-05,0
1200,0.000562,0
1210,0.000289,0
1217,0.00041,0
1224,6e-05,0
1231,1.7e-05,0
1235,0.000139,0
1238,0.000168,0
1241,0.000208,0
1247,0.01761,0
1251,0.941096,1
1262,2.9e-05,0
1272,0.000327,0
1273,0.000614,0
1276,5.3e-05,0
1281,0.012308,0
1286,0.000724,0
1290,0.001752,0
1299,0.000423,0
1300,0.013715,0
1301,0.0014,0
1303,0.000287,0
1307,0.000565,0
1308,0.000113,0
1310,0.000558,0
1313,0.004707,0
1314,9.5e-05,0
1320,0.003555,0
1325,0.00052,0
1326,0.073413,0
1331,0.161536,0
1337,2.5e-05,0
1338,3.8e-05,0
1341,0.001773,0
1343,0.00017,0
1344,0.000141,0
1345,0.000105,0
1349,0.000339,0
1353,0.00021,0
1361,0.000215,0
1364,0.000355,0
1368,0.000253,0
1370,0.000495,0
1378,0.002077,0
1379,0.000248,0
1384,0.000809,0
1390,0.006395,0
1402,0.003513,0
1403,0.004367,0
1405,0.002046,0
1418,0.670272,1
1425,0.00161,0
1426,2.6e-05,0
1427,0.000144,0
1428,6.1e-05,0
1429,0.00013,0
1433,0.002039,0
1447,6.8e-05,0
1448,0.00017,0
1474,0.734969,1
1479,0.003381,0
1480,0.000874,0
1501,0.027574,0
1507,0.995098,1
1517,0.001102,0
1523,3.2e-05,0
1526,2e-05,0
1537,0.000246,0
1542,0.019797,0
1560,0.000941,0
1563,0.002028,0
1566,0.00161,0
1567,0.000593,0
1570,0.001652,0
1573,0.000467,0
1582,0.000908,0
1585,0.002812,0
1599,0.000135,0
1604,6.4e-05,0
1615,0.000178,0
1623,0.000444,0
1625,0.0003,0
1629,0.002999,0
1635,0.002343,0
1648,0.00056,0
1649,0.012956,0
1651,0.00057,0
1663,0.000806,0
1666,0.006001,0
1668,0.004519,0
1669,0.008564,0
1677,0.174302,0
1680,0.182443,0
1681,0.271734,0
1684,3.3e-05,0
1685,7.3e-05,0
1690,6.7e-05,0
1691,2.1e-05,0
1693,0.000172,0
1700,8.3e-05,0
1705,0.000126,0
1708,0.000265,0
1709,0.000125,0
1712,0.001013,0
1723,0.002255,0
1724,0.000679,0
1726,0.002255,0
1727,0.006259,0
1730,0.001039,0
1731,0.000829,0
1732,0.002232,0
1737,0.0014,0
1738,0.006513,0
1749,0.008916,0
1752,0.000811,0
1753,0.00068,0
1754,0.000289,0
1757,0.224403,0
1779,0.000247,0
1780,0.000195,0
1790,0.00021,0
1798,0.000641,0
1805,0.002134,0
1807,0.000723,0
1810,0.001302,0
1811,0.013286,0
1812,0.000777,0
1820,0.000181,0
1842,6.4e-05,0
1846,5.1e-05,0
1847,6e-05,0
1848,7.1e-05,0
1849,0.000138,0
1852,9e-06,0
1860,0.00047,0
1866,0.000692,0
1873,0.051713,0
1878,0.00029,0
1888,0.047857,0
1891,0.001132,0
1893,0.001532,0
1895,0.000746,0
1902,0.000808,0
1903,0.00148,0
1904,0.008459,0
1913,0.000189,0
1915,0.007823,0
1918,4.8e-05,0
1925,0.00042,0
1937,0.0003,0
1945,0.000211,0
1949,0.000228,0
1956,0.000333,0
1958,0.000181,0
1963,0.001283,0
1967,0.00063,0
1975,0.000328,0
1977,0.0011,0
1980,0.000482,0
1981,0.000144,0
1983,0.000104,0
1989,0.00085,0
1998,0.000242,0
2000,0.001195,0
2010,0.041638,0
2015,0.862284,1
2021,0.000213,0
2022,0.006009,0
2028,0.003105,0
2029,0.000372,0
2032,0.001971,0
2038,0.012812,0
2041,0.000839,0
2042,0.00366,0
2045,0.000246,0
2046,0.001194,0
2049,0.000675,0
2050,0.001034,0
2052,0.000512,0
2079,0.280677,0
2080,0.643826,1
2085,0.000185,0
2086,0.000177,0
2093,0.00014,0
2096,0.000729,0
2099,4.8e-05,0
2100,0.000181,0
2101,0.000434,0
2102,0.039277,0
2103,0.001385,0
2104,2.1e-05,0
2109,0.00014,0
2113,5.5e-05,0
2115,0.000667,0
2117,0.00113,0
2118,0.002837,0
2124,0.002548,0
2128,0.000155,0
2133,0.000334,0
2136,0.000414,0
2159,0.058905,0
2160,0.070296,0
2168,9.5e-05,0
2171,8.9e-05,0
2175,2.1e-05,0
2180,1.2e-05,0
2191,3.9e-05,0
2192,0.000173,0
2194,0.000552,0
2196,0.001223,0
2198,0.000802,0
2202,0.000563,0
2211,0.148817,0
2217,0.002593,0
2236,0.004048,0
2247,0.000411,0
2249,0.000402,0
2250,0.000656,0
2255,0.000321,0
2257,0.007626,0
2260,0.000222,0
2261,0.000408,0
2262,0.000191,0
2269,0.001512,0
2276,0.006798,0
2301,0.000622,0
2313,0.00032,0
2323,0.044422,0
2338,0.000248,0
2349,0.000579,0
2382,0.001209,0
2387,0.001324,0
2395,0.000544,0
2396,0.000658,0
2400,0.008324,0
2403,0.002942,0
2412,0.003302,0
2413,0.061689,0
2416,0.00027,0
2419,0.001629,0
2420,0.000477,0
2425,0.001212,0
2429,0.000394,0
2432,0.000191,0
2442,0.002474,0
2443,0.000151,0
2445,0.009464,0
2447,0.00097,0
2452,0.543162,1
2455,0.002422,0
2458,0.003078,0
2465,0.000657,0
2470,0.001471,0
2473,0.004805,0
2481,0.002059,0
2483,0.00054,0
2487,0.00108,0
2489,0.001043,0
2490,0.001136,0
2492,0.884774,1
2494,0.970743,1
2496,0.35963,0
2507,0.000125,0
2518,0.00028,0
2530,0.001039,0
2533,0.000499,0
2536,0.001754,0
2538,0.000828,0
2543,0.000175,0
2546,0.000151,0
2553,0.000295,0
2555,0.000298,0
2565,0.000916,0
2566,0.000492,0
2568,0.000421,0
2575,0.001424,0
2597,0.000977,0
2604,0.000193,0
2605,0.000173,0
2607,0.000222,0
2611,8.7e-05,0
2617,4.6e-05,0
2623,0.077379,0
2624,0.005693,0
2626,0.001306,0
2634,0.001788,0
2639,0.001634,0
2656,0.001726,0
2659,0.00036,0
2665,0.041999,0
2670,0.151977,0
2679,0.000187,0
2692,0.000129,0
2698,0.000152,0
2699,0.084203,0
2702,3.8e-05,0
2703,0.002986,0
2706,6.3e-05,0
2712,0.001004,0
2734,0.000422,0
2741,0.000758,0
2746,0.000985,0
2748,0.000136,0
2760,0.283474,0
2761,0.998658,1
2763,0.108991,0
2771,0.000159,0
2776,0.000312,0
2779,0.001381,0
2780,0.000108,0
2781,0.00017,0
2785,0.000209,0
2787,0.000184,0
2788,0.000664,0
2799,0.001171,0
2801,0.000446,0
2802,0.001342,0
2804,0.00105,0
2806,0.005281,0
2807,0.00199,0
2808,0.001093,0
2812,0.000841,0
2813,0.001138,0
2815,0.00074,0
2820,0.001516,0
2836,0.000455,0
2840,0.00146,0
2847,0.008018,0
2850,0.06035,0
2854,0.032655,0
2859,0.042821,0
2862,0.772382,1
2867,0.000426,0
2876,0.000171,0
2878,0.000126,0
2882,6.8e-05,0
2885,0.001766,0
2895,0.000845,0
2901,0.000833,0
2903,0.000338,0
2909,0.001019,0
2910,0.000837,0
2915,0.055499,0
2920,0.000276,0
2934,0.000885,0
2937,0.000307,0
2940,0.307641,0
2941,0.078735,0
2943,0.000138,0
2944,0.000112,0
2947,0.000259,0
2950,0.000453,0
2961,7e-05,0
2963,0.000469,0
2968,0.00167,0
2970,0.00055,0
2983,0.011137,0
2986,0.001745,0
2992,0.0009,0
2995,0.001962,0
3000,0.980944,1
3004,0.002665,0
3011,0.001127,0
3019,0.99163,1
3020,0.592671,1
3024,0.123172,0
3032,0.000256,0
3035,0.00017,0
3041,0.000219,0
3043,0.000565,0
3045,0.000124,0
3049,0.000528,0
3050,0.00014,0
3053,0.00022,0
3057,0.000751,0
3063,0.00066,0
3078,0.005782,0
3079,0.00458,0
3083,0.000392,0
3089,0.001397,0
3094,0.000883,0
3096,0.000704,0
3102,0.016168,0
3104,0.014657,0
3115,2.3e-05,0
3116,5.6e-05,0
3125,7.4e-05,0
3126,0.000124,0
3128,0.000138,0
3130,4.2e-05,0
3142,0.000205,0
3147,0.001597,0
3148,0.000953,0
3156,0.00052,0
3161,0.161348,0
3168,0.000366,0
3172,0.000799,0
3174,0.000218,0
3179,0.000218,0
3183,0.003923,0
3192,0.251018,0
3199,5.7e-05,0
3216,0.000143,0
3219,0.000364,0
3222,0.001003,0
3227,0.000267,0
3230,0.000975,0
3232,0.000588,0
3246,0.00118,0
3249,0.001291,0
3250,0.000339,0
3253,0.000704,0
3254,0.01117,0
3255,0.00042,0
3262,0.000454,0
3264,0.002415,0
3269,0.007887,0
3293,0.014409,0
3300,0.000766,0
3301,0.006607,0
3305,0.000632,0
3307,0.000278,0
3309,0.004012,0
3316,0.110854,0
3318,0.002747,0
3319,0.000896,0
3326,0.000632,0
3343,4.2e-05,0
3344,0.000212,0
3371,0.00013,0
3374,0.001764,0
3380,2.1e-05,0
3384,0.000113,0
3390,3.5e-05,0
3404,0.000861,0
3407,0.012514,0
3410,0.001076,0
3415,0.000195,0
3418,0.000439,0
3422,0.000322,0
3423,0.001589,0
3425,8.7e-05,0
3434,0.001326,0
3436,0.000975,0
3444,0.276862,0
3448,0.273858,0
3449,0.232247,0
3451,0.000267,0
3453,0.003002,0
3454,0.000342,0
3456,0.000149,0
3461,0.898393,1
3466,0.003001,0
3470,2e-05,0
3472,0.000386,0
3475,9.2e-05,0
3497,0.000156,0
3498,0.056328,0
3500,0.005463,0
3501,0.39122,0
3508,1e-04,0
3511,0.129474,0
3513,0.001722,0
3517,0.000723,0
3521,0.001537,0
3525,0.006133,0
3527,0.75345,1
3534,1.8e-05,0
3535,5.8e-05,0
3536,3.9e-05,0
3545,0.000171,0
3549,0.268303,0
3555,0.001088,0
3559,0.00016,0
3568,0.773685,1
3569,0.001272,0
3573,0.002813,0
3580,0.000259,0
3590,0.003971,0
3591,0.001311,0
3594,0.002038,0
3595,0.000906,0
3601,0.555372,1
3615,1.6e-05,0
3616,4.6e-05,0
3634,0.00032,0
3638,0.000355,0
3641,0.000329,0
3646,9.7e-05,0
3649,0.000397,0
3653,0.001615,0
3657,0.000908,0
3664,0.000319,0
3666,7.7e-05,0
3669,0.000283,0
3676,0.000516,0
3679,0.000231,0
3681,0.001579,0
3683,0.000371,0
3686,0.000504,0
3697,0.000141,0
3710,0.000206,0
3714,6e-05,0
3716,0.000129,0
3720,0.000321,0
3722,0.000489,0
3723,5.5e-05,0
3725,0.000851,0
3727,0.000104,0
3731,0.06931,0
3741,0.002258,0
3752,0.001459,0
3759,0.000852,0
3760,0.941622,1
3761,0.001085,0
3763,0.000882,0
3764,0.351865,0
3769,0.001254,0
3775,0.010157,0
3783,0.002479,0
3784,0.000107,0
3787,0.945508,1
3790,0.002213,0
3799,0.000458,0
3802,0.000288,0
3804,0.000632,0
3810,0.001348,0
3818,0.001074,0
3827,0.001281,0
3829,0.960754,1
3831,0.000284,0
3834,0.179562,0
3837,0.001675,0
3841,0.000629,0
3849,0.000403,0
3853,0.000847,0
3854,0.999563,1
3856,0.452192,0
3857,0.03588,0
3860,0.779768,1
3863,0.048224,0
3871,0.000168,0
3874,0.625736,1
3884,0.000125,0
3893,0.000165,0
3906,0.498947,0
3907,0.000117,0
3908,0.00013,0
3910,0.000121,0
3914,0.002028,0
3924,0.000424,0
3938,0.000368,0
3941,0.016748,0
3944,0.625621,1
3947,0.000105,0
3949,0.00064,0
3953,0.000165,0
3962,5.2e-05,0
3964,9.2e-05,0
3967,0.00028,0
3972,0.001496,0
3975,0.000319,0
3987,0.000819,0
3989,0.000359,0
3999,0.000962,0
4011,0.005622,0
4013,0.000314,0
4023,0.328113,0
4026,0.567769,1
4029,0.626724,1
4031,0.157325,0
4034,0.781016,1
4046,0.000672,0
4056,2.7e-05,0
4057,0.000464,0
4061,0.000114,0
4071,0.999227,1
4077,0.000325,0
4082,0.001308,0
4084,0.000924,0
4095,0.001667,0
4097,0.001428,0
4103,0.002575,0
4108,0.000516,0
4110,0.868832,1
4115,0.855288,1
4117,0.978481,1
4123,0.000756,0
4128,0.0003,0
4131,0.001449,0
4133,0.000241,0
4136,0.001299,0
4138,0.93897,1
4139,0.000271,0
4150,0.000359,0
4151,0.967609,1
4156,0.000237,0
4172,0.036106,0
4182,0.978074,1
4189,0.00088,0
4193,0.000365,0
4198,0.000563,0
4208,0.000118,0
4219,4.9e-05,0
4220,0.63954,1
4228,0.000139,0
4238,0.000889,0
4240,0.000333,0
4245,0.00278,0
4248,0.004468,0
4261,0.000453,0
4267,0.004082,0
4271,0.001158,0
4281,0.000292,0
4282,0.949197,1
4284,0.001343,0
4288,0.013919,0
4293,0.942472,1
4296,0.953508,1
4302,0.995015,1
4309,0.000146,0
4312,0.001029,0
4316,9.1e-05,0
4320,0.004431,0
4322,0.003056,0
4324,0.001368,0
4325,0.090908,0
4326,0.855007,1
4329,0.003147,0
4334,0.002064,0
4336,0.008421,0
4346,0.001227,0
4348,0.002606,0
4352,0.003528,0
4357,0.009623,0
4359,0.002261,0
4361,0.985099,1
4364,0.000545,0
4371,0.007195,0
4376,0.346738,0
4378,0.916817,1
4380,0.281008,0
4387,0.000179,0
4390,0.001298,0
4399,0.000542,0
4401,0.000533,0
4406,0.992876,1
4410,0.00029,0
4425,0.000849,0
4428,0.000799,0
4433,0.003399,0
4445,0.000444,0
4450,0.002957,0
4451,0.00109,0
4455,0.000292,0
4458,0.002302,0
4463,0.002999,0
4467,0.282724,0
4471,0.000315,0
4475,0.995064,1
4484,0.001575,0
4485,0.001002,0
4498,0.00025,0
4505,0.004887,0
4522,0.000417,0
4527,0.989179,1
4534,0.000276,0
4539,0.000389,0
4540,0.000434,0
4542,0.000411,0
4562,0.132148,0
4565,0.987194,1
4572,0.000468,0
4573,0.003102,0
4574,0.004367,0
4581,0.000298,0
4584,0.001587,0
4585,0.001242,0
4588,0.002992,0
4596,0.976023,1
4599,0.14621,0
4600,0.979964,1
4607,0.000689,0
4610,0.022118,0
4614,0.003549,0
4615,0.000555,0
4618,0.981757,1
4621,0.971918,1
4622,0.008339,0
4623,0.001211,0
4624,0.004141,0
4625,0.004528,0
4627,0.001296,0
4633,0.744001,1
4638,0.704113,1
4642,0.995123,1
4647,0.000564,0
4648,0.000424,0
4663,0.110413,0
4667,0.000592,0
4670,0.000468,0
4673,0.003233,0
4676,0.000616,0
4688,0.000778,0
4691,0.002046,0
4692,0.000761,0
4693,0.000234,0
4694,0.010587,0
4695,0.01008,0
4696,0.009178,0
4697,0.001026,0
4699,0.012951,0
4702,0.951822,1
4730,0.83283,1
4731,0.95019,1
4738,0.00097,0
4739,0.981421,1
4750,0.000447,0
4753,0.000216,0
4754,0.224046,0
4758,0.004518,0
4760,0.000647,0
4762,0.982148,1
4768,0.936724,1
4771,0.000523,0
4782,0.115731,0
4783,0.000124,0
4786,0.000108,0
4790,0.000749,0
4802,0.030297,0
4806,0.160876,0
4818,5.6e-05,0
4830,0.000304,0
4832,0.005582,0
4833,0.805875,1
4838,0.000363,0
4844,0.983558,1
4845,0.000289,0
4851,0.920169,1
4857,0.000142,0
4861,0.000187,0
4862,0.823517,1
4867,0.008226,0
4869,5.9e-05,0
4873,0.001262,0
4883,0.000126,0
4887,0.00167,0
4895,0.017385,0
4898,0.997702,1
4900,0.65907,1
4908,0.000769,0
4929,0.042818,0
4946,0.000126,0
4956,0.043481,0
4959,3.4e-05,0
4962,0.013514,0
4963,3.4e-05,0
4964,0.00011,0
4975,0.001495,0
4980,0.015288,0
4984,0.967178,1
4986,8.8e-05,0
4990,0.001603,0
5008,0.000199,0
5011,5.8e-05,0
5014,0.00039,0
5015,1.7e-05,0
5019,0.000424,0
5021,0.117806,0
5026,0.000532,0
5030,0.00497,0
5035,0.000497,0
5036,8.4e-05,0
5037,8.4e-05,0
5040,0.000128,0
5042,0.000193,0
5052,0.004464,0
5064,0.000209,0
5068,6.3e-05,0
5074,5.5e-05,0
5079,0.002522,0
5082,2.9e-05,0
5083,0.003419,0
5086,0.000145,0
5087,2.9e-05,0
5091,0.041774,0
5092,4.4e-05,0
5102,0.000113,0
5106,0.000841,0
5109,0.001344,0
5115,0.000802,0
5117,8.2e-05,0
5120,0.000884,0
5122,0.00011,0
5125,0.004587,0
5126,3e-05,0
5137,0.001032,0
5143,7.4e-05,0
5144,0.000477,0
5145,0.000464,0
5160,0.002343,0
5165,0.000274,0
5167,3.9e-05,0
5178,0.000783,0
5180,9.9e-05,0
5191,0.002575,0
5198,0.013201,0
5202,0.036808,0
5205,0.000752,0
5207,0.000651,0
5210,0.000794,0
5214,0.000102,0
5221,0.074646,0
5240,3.5e-05,0
5251,0.005364,0
5264,0.082921,0
5266,0.000806,0
5278,0.000158,0
5282,0.078596,0
5286,0.001042,0
5287,0.003305,0
5291,0.014486,0
5298,0.000184,0
5303,0.001534,0
5308,0.195593,0
5315,2.5e-05,0
5319,0.001769,0
5320,0.083915,0
5321,0.00048,0
5324,0.00031,0
5334,0.975972,1
5341,0.018654,0
5342,0.047892,0
5346,0.000454,0
5352,6.5e-05,0
5353,0.000146,0
5359,0.004298,0
5361,0.000144,0
5363,0.000364,0
5371,0.002242,0
5373,4.7e-05,0
5379,0.001047,0
5387,0.486867,0
5396,0.014222,0
5402,0.00083,0
5413,0.000231,0
5418,0.000231,0
5419,0.006935,0
5420,0.000502,0
5423,6.4e-05,0
5429,6e-05,0
5432,0.000346,0
5444,0.000128,0
5448,0.000212,0
5449,0.057525,0
5463,0.000327,0
5473,0.529664,1
5474,0.324667,0
5478,0.000197,0
5479,0.000542,0
5481,0.000237,0
5484,0.002578,0
5492,0.007202,0
5495,0.000742,0
5499,0.001111,0
5501,0.000203,0
5518,6.9e-05,0
5519,0.000349,0
5523,0.000604,0
5530,0.072345,0
5534,0.000619,0
5536,0.127883,0
5538,0.000177,0
5542,0.000372,0
5544,0.000869,0
5548,0.000208,0
5554,0.000144,0
5558,0.000134,0
5562,0.00029,0
5563,0.001975,0
5569,6.3e-05,0
5577,0.000115,0
5585,6.3e-05,0
5586,0.000184,0
5589,0.013482,0
5591,6.6e-05,0
5595,0.000229,0
5613,0.000913,0
5618,0.000194,0
5628,0.00019,0
5632,0.383953,0
5635,0.001381,0
5637,0.000419,0
5638,0.000531,0
5646,0.000133,0
5651,0.409383,0
5653,0.495286,0
5658,0.075634,0
5660,0.000304,0
5665,7.1e-05,0
5668,0.000174,0
5674,0.000128,0
5687,0.000205,0
5690,0.000167,0
5694,0.000379,0
5695,0.000357,0
5696,0.000144,0
5698,0.054271,0
5700,0.000226,0
5709,0.000437,0
5714,0.000258,0
5721,0.000395,0
5723,0.000607,0
5727,0.000476,0
5732,0.018451,0
5737,0.092766,0
5742,6.2e-05,0
5777,0.000611,0
5781,5.9e-05,0
5782,0.000633,0
5783,0.000248,0
5786,0.000434,0
5788,0.000554,0
5790,0.000321,0
5807,0.001306,0
5812,0.000711,0
5814,0.004496,0
5815,0.018051,0
5816,0.006739,0
5822,0.137709,0
5825,0.107905,0
5832,4.9e-05,0
5835,9.7e-05,0
5839,6.5e-05,0
5843,4.8e-05,0
5847,0.000145,0
5851,7.1e-05,0
5865,0.00046,0
5866,0.000599,0
5869,0.000473,0
5872,0.000544,0
5873,0.001031,0
5878,0.000481,0
5891,0.001819,0
5892,0.000337,0
5902,0.000217,0
5905,0.000531,0
5923,0.000181,0
5938,0.000195,0
5939,0.401766,0
5947,0.00073,0
5952,0.000523,0
5961,0.001596,0
5966,0.001181,0
5972,0.001028,0
5974,0.000201,0
5980,0.000562,0
5982,0.000507,0
5990,0.336855,0
5993,0.215367,0
5998,0.733145,1
6001,0.001671,0
6006,0.000421,0
6008,6.9e-05,0
6009,0.000115,0
6014,3.5e-05,0
6016,0.000163,0
6022,6.8e-05,0
6026,0.000372,0
6029,0.000728,0
6038,0.001209,0
6041,0.001217,0
6046,0.00414,0
6047,0.00012,0
6051,0.00131,0
6052,0.000438,0
6061,0.000211,0
6084,5.5e-05,0
6095,0.000135,0
6105,0.000122,0
6106,9.7e-05,0
6110,0.000175,0
6115,0.000507,0
6121,0.001059,0
6128,0.002405,0
6129,0.001081,0
6132,0.000638,0
6143,0.000389,0
6146,0.000142,0
6148,0.000142,0
6154,0.000258,0
6166,0.500006,1
6168,0.067991,0
6170,0.110974,0
6173,4.3e-05,0
6175,3.7e-05,0
6177,9.9e-05,0
6196,5.3e-05,0
6198,0.000169,0
6202,0.001532,0
6204,0.000101,0
6206,0.000245,0
6209,0.000394,0
6214,0.000969,0
6221,0.004004,0
6226,0.022331,0
6230,0.000258,0
6232,0.000624,0
6239,0.000135,0
6241,0.003546,0
6243,0.001358,0
6244,0.000853,0
6253,0.019446,0
6255,0.979259,1
6260,0.000185,0
6270,0.00023,0
6273,3.5e-05,0
6274,0.000216,0
6277,3.8e-05,0
6282,0.00013,0
6286,6.9e-05,0
6289,0.078959,0
6293,0.000998,0
6296,0.001103,0
6300,0.000304,0
6305,0.000354,0
6310,0.002025,0
6317,0.007964,0
6336,0.062425,0
6341,0.000139,0
6342,0.000143,0
6348,9.1e-05,0
6349,0.000128,0
6354,8.7e-05,0
6358,0.000154,0
6361,0.001338,0
6363,1.7e-05,0
6364,0.000117,0
6375,0.000249,0
6381,0.000281,0
6391,0.001374,0
6395,0.00374,0
6409,0.000404,0
6413,0.000294,0
6424,0.000181,0
6426,0.000104,0
6428,6.4e-05,0
6432,0.000478,0
6443,0.000207,0
6444,0.083872,0
6445,6.4e-05,0
6450,0.005021,0
6457,0.00225,0
6472,0.000402,0
6488,0.009653,0
6489,0.000986,0
6493,0.009791,0
6495,0.000358,0
6496,0.00035,0
6499,0.005226,0
6502,0.807264,1
6506,0.260764,0
6515,0.00025,0
6518,0.571323,1
6523,7.7e-05,0
6527,0.000246,0
6531,0.000104,0
6538,0.000601,0
6541,0.001089,0
6546,0.000238,0
6547,0.000251,0
6550,0.001138,0
6551,9.7e-05,0
6556,0.000232,0
6557,0.000291,0
6558,0.00129,0
6565,0.000242,0
6566,0.00033,0
6568,0.000346,0
6576,0.000178,0
6579,0.000974,0
6583,0.171551,0
6590,2.4e-05,0
6594,0.000309,0
6605,0.000179,0
6616,0.553335,1
6623,0.001874,0
6632,0.009421,0
6635,0.000358,0
6638,0.001694,0
6640,0.013203,0
6660,0.001079,0
6666,0.013976,0
6678,0.886753,1
6679,0.000263,0
6686,2.9e-05,0
6696,3.7e-05,0
6700,0.000405,0
6705,0.027023,0
6707,0.000384,0
6712,0.000427,0
6720,0.001167,0
6722,0.000262,0
6723,0.0008,0
6733,0.045355,0
6735,0.000381,0
6737,0.000427,0
6743,0.000397,0
6750,0.000909,0
6756,0.001941,0
6760,8.9e-05,0
6773,0.001645,0
6781,0.00011,0
6794,0.007196,0
6795,0.001192,0
6797,0.00018,0
6799,0.991993,1
6808,0.001853,0
6809,0.001906,0
6810,0.000135,0
6812,0.006915,0
6814,0.000906,0
6831,0.002821,0
6833,0.009251,0
6838,0.0064,0
6841,0.083852,0
6853,3.2e-05,0
6856,2.2e-05,0
6868,0.002917,0
6877,0.000148,0
6880,0.000125,0
6882,0.00052,0
6884,0.00102,0
6885,0.00166,0
6887,0.000202,0
6903,0.000118,0
6906,0.000216,0
6908,0.000245,0
6912,0.000493,0
6913,0.001362,0
6922,0.013314,0
6923,0.037532,0
6924,0.877877,1
6925,0.851952,1
6932,0.781613,1
6935,0.001032,0
6937,8e-05,0
6938,0.000145,0
6945,2.2e-05,0
6947,4.4e-05,0
6964,0.0012,0
6972,0.004336,0
6974,0.003712,0
6979,0.031844,0
6993,0.000283,0
7002,0.033927,0
7003,0.169872,0
7007,0.000122,0
7008,0.001821,0
7009,0.000111,0
7020,0.000774,0
7034,0.000142,0
7038,0.000185,0
7039,0.000716,0
7044,0.001079,0
7048,0.001484,0
7049,0.001089,0
7055,0.00065,0
7059,0.000291,0
7071,0.000435,0
7073,0.000877,0
7078,0.211531,0
7081,0.713157,1
7085,0.093844,0
7086,0.875182,1
7093,0.005592,0
7099,0.003531,0
7107,7.6e-05,0
7108,0.000202,0
7126,0.00114,0
7137,0.000706,0
7143,0.000483,0
7147,0.000316,0
7155,0.000885,0
7156,0.000687,0
7161,0.001588,0
7165,0.088824,0
7166,0.158315,0
7168,0.000118,0
7169,0.000269,0
7170,0.000103,0
7173,0.000131,0
7180,0.000221,0
7185,0.000193,0
7192,0.00024,0
7199,0.000268,0
7211,0.000835,0
7212,0.000501,0
7213,0.001815,0
7216,0.000718,0
7218,0.002278,0
7219,0.002797,0
7223,0.003295,0
7224,0.000483,0
7235,0.00264,0
7241,0.000828,0
7245,0.001616,0
7246,0.002546,0
7255,0.76356,1
7256,0.000157,0
7261,6.5e-05,0
7263,0.000209,0
7271,0.000652,0
7277,0.001137,0
7279,0.000297,0
7281,0.000443,0
7285,0.034393,0
7286,0.000456,0
7290,0.000159,0
7298,0.001468,0
7302,0.00122,0
7303,0.005555,0
7305,0.000299,0
7306,0.005216,0
7311,0.000488,0
7317,0.001672,0
7319,0.000247,0
7328,0.000827,0
7332,0.004223,0
7333,0.388677,0
7335,0.239533,0
7338,0.317115,0
7345,0.068161,0
7355,4.9e-05,0
7359,9.3e-05,0
7366,0.00019,0
7374,0.004635,0
7375,0.000263,0
7377,0.002633,0
7378,0.003713,0
7388,0.000495,0
7390,0.000861,0
7391,0.000486,0
7393,0.000307,0
7395,0.002019,0
7400,0.000259,0
7401,0.000713,0
7402,0.00035,0
7414,0.000313,0
7416,0.001525,0
7417,0.000802,0
7423,0.59098,1
7428,3.3e-05,0
7435,3.8e-05,0
7441,0.00059,0
7445,6.6e-05,0
7452,2.5e-05,0
7456,0.000254,0
7461,9.7e-05,0
7463,0.00033,0
7467,0.00048,0
7469,0.00023,0
7473,0.18538,0
7483,0.000299,0
7485,8.2e-05,0
7491,0.006882,0
7492,0.001018,0
7495,0.000453,0
7498,0.000337,0
7510,0.201501,0
7511,1.8e-05,0
7518,3.4e-05,0
7519,6.3e-05,0
7520,7.4e-05,0
7524,4.7e-05,0
7532,3.9e-05,0
7546,0.000561,0
7550,0.001062,0
7554,0.003105,0
7560,0.00643,0
7564,0.978584,1
7565,0.000169,0
7566,0.000208,0
7568,0.000217,0
7573,6.6e-05,0
7576,0.000406,0
7591,0.976843,1
7595,0.00013,0
7596,5.8e-05,0
7598,6.6e-05,0
7610,5.9e-05,0
7614,0.000107,0
7623,9.3e-05,0
7627,0.000493,0
7634,0.000287,0
7635,0.000485,0
7641,0.006137,0
7644,0.000873,0
7652,0.000887,0
7655,0.000236,0
7670,0.001498,0
7673,0.002947,0
7675,0.071454,0
7677,0.91261,1
7685,0.222485,0
7690,1.2e-05,0
7694,4.5e-05,0
7695,3.1e-05,0
7704,4e-05,0
7705,0.00016,0
7707,5.5e-05,0
7710,0.000415,0
7723,0.000396,0
7729,0.03024,0
7732,0.000648,0
7735,0.005513,0
7741,0.000585,0
7759,0.673186,1
7761,0.024609,0
7763,0.368213,0
7768,0.000126,0
7772,5.9e-05,0
7775,2.5e-05,0
7778,4e-05,0
7779,2.4e-05,0
7780,2.3e-05,0
7783,4e-05,0
7798,0.000193,0
7800,0.000287,0
7802,0.235669,0
7807,0.000883,0
7808,0.000157,0
7815,0.000326,0
7832,0.000828,0
7835,0.001164,0
7837,0.000839,0
7843,0.079167,0
7844,0.108444,0
7850,3.2e-05,0
7851,0.000307,0
7854,6e-05,0
7860,5.9e-05,0
7864,0.00204,0
7865,0.000155,0
7866,0.000113,0
7867,0.000158,0
7877,0.003864,0
7886,0.000449,0
7908,0.000142,0
7912,0.000244,0
7920,0.001488,0
7933,0.318854,0
7935,0.483797,0
7940,1.1e-05,0
7943,3.9e-05,0
7949,3e-05,0
7959,2.4e-05,0
7960,4e-05,0
7965,0.000505,0
7966,3.6e-05,0
7971,0.00057,0
7975,0.000248,0
7978,0.009575,0
7979,0.00055,0
7985,0.000721,0
7986,0.000183,0
7998,0.001842,0
8007,7.3e-05,0
8008,0.000906,0
8014,0.000537,0
8016,0.000945,0
8018,0.251943,0
8022,0.178017,0
8023,0.254651,0
8026,0.896646,1
8028,0.17572,0
8047,0.000187,0
8055,8.1e-05,0
8070,0.000535,0
8071,0.000514,0
8077,0.000499,0
8078,0.000662,0
8083,0.000768,0
8084,0.00058,0
8098,0.000474,0
8099,0.001116,0
8100,0.000458,0
8103,0.001591,0
8104,0.000844,0
8107,0.004007,0
8122,4e-05,0
8125,0.000155,0
8127,2.6e-05,0
8128,4.8e-05,0
8138,0.001381,0
8143,0.000222,0
8144,0.000389,0
8153,0.000602,0
8155,0.000342,0
8158,0.000635,0
8162,0.000381,0
8163,0.000206,0
8164,0.000681,0
8173,0.000306,0
8185,0.000852,0
8186,0.000283,0
8187,0.003538,0
8198,0.951914,1
8199,0.269188,0
8202,3.1e-05,0
8204,3e-05,0
8214,0.000252,0
8237,0.000135,0
8239,0.003645,0
8241,0.003073,0
8255,0.000389,0
8264,0.000708,0
8269,0.000398,0
8272,0.067343,0
8277,0.12226,0
8278,0.24803,0
8279,0.036504,0
8281,0.295047,0
8283,0.189126,0
8286,4e-05,0
8288,2.4e-05,0
8291,5.7e-05,0
8293,0.000101,0
8295,5.7e-05,0
8301,3e-05,0
8303,8.7e-05,0
8305,0.001917,0
8306,0.000208,0
8309,0.000107,0
8310,0.000126,0
8317,0.001139,0
8332,0.000847,0
8335,0.001157,0
8338,0.000242,0
8341,0.000206,0
8344,5e-05,0
8350,0.00374,0
8353,0.024988,0
8356,0.936834,1
8359,8.1e-05,0
8371,0.000161,0
8374,0.108929,0
8383,0.000225,0
8386,0.000127,0
8397,0.001269,0
8405,0.004852,0
8412,0.002178,0
8419,0.000301,0
8422,0.032494,0
8432,0.000344,0
8438,0.060404,0
8452,0.000625,0
8453,6.2e-05,0
8455,0.002854,0
8457,0.000319,0
8458,4.4e-05,0
8462,0.000128,0
8465,6.2e-05,0
8467,0.000126,0
8475,0.003974,0
8476,0.001178,0
8478,0.251981,0
8484,0.013973,0
8493,0.001017,0
8497,0.000616,0
8498,0.016755,0
8505,0.001207,0
8511,0.001728,0
8516,0.003597,0
8521,0.508846,1
8523,6.5e-05,0
8526,0.000335,0
8529,0.000206,0
8531,0.000354,0
8533,0.000135,0
8534,0.000335,0
8535,0.000185,0
8537,9.5e-05,0
8541,0.000228,0
8548,5.8e-05,0
8561,0.008445,0
8571,0.570047,1
8584,0.00012,0
8601,0.019905,0
8604,0.543338,1
8609,0.030679,0
8610,2.1e-05,0
8612,5e-05,0
8613,0.00012,0
8614,2.1e-05,0
8617,4.7e-05,0
8625,8e-06,0
8628,1.5e-05,0
8639,0.000579,0
8641,0.000873,0
8643,0.002404,0
8644,0.001916,0
8646,0.000224,0
8658,0.000212,0
8662,0.000193,0
8667,0.000762,0
8669,0.00146,0
8672,0.000262,0
8684,4.3e-05,0
8689,0.035342,0
8696,7e-05,0
8699,1.8e-05,0
8700,7.2e-05,0
8709,1.9e-05,0
8714,0.000102,0
8722,0.00103,0
8724,0.000203,0
8734,0.000657,0
8735,0.000889,0
8739,0.00358,0
8740,0.000209,0
8741,0.000237,0
8743,0.000835,0
8745,0.000589,0
8752,0.006579,0
8760,0.000562,0
8766,0.032138,0
8779,0.000368,0
8784,7.1e-05,0
8800,7.9e-05,0
8805,0.00013,0
8813,0.000407,0
8819,0.000798,0
8826,0.00022,0
8827,0.000502,0
8828,0.000146,0
8832,5.1e-05,0
8834,0.000158,0
8836,0.000141,0
8839,0.003199,0
8840,0.000257,0
8857,2.6e-05,0
8862,5.1e-05,0
8865,0.000186,0
8875,0.001726,0
8879,0.000119,0
8885,0.000734,0
8888,0.000232,0
8896,0.000166,0
8902,0.000331,0
8909,4.7e-05,0
8912,0.00041,0
8917,0.00064,0
8934,7e-06,0
8935,9e-06,0
8940,2.1e-05,0
8945,8e-06,0
8956,0.001083,0
8958,1.2e-05,0
8963,0.000225,0
8968,0.000386,0
8971,0.016259,0
8972,0.000354,0
8975,0.00055,0
8976,0.012751,0
8978,0.000401,0
8989,0.00014,0
8992,0.000521,0
8993,0.000272,0
9000,0.000179,0
9011,0.001079,0
9018,0.014406,0
9019,8e-06,0
9025,9.9e-05,0
9028,5.4e-05,0
9029,2.7e-05,0
9031,1.4e-05,0
9042,1.8e-05,0
9043,0.000502,0
9054,0.000527,0
9066,0.000184,0
9067,0.006909,0
9069,7.8e-05,0
9071,0.003075,0
9079,5e-05,0
9084,0.982174,1
9091,0.000131,0
9100,8.1e-05,0
9104,2.7e-05,0
9105,9e-06,0
9108,0.000156,0
9113,1.4e-05,0
9121,0.000142,0
9126,3.7e-05,0
9127,4.2e-05,0
9128,0.000187,0
9130,0.000147,0
9135,0.000703,0
9140,0.001485,0
9150,0.002792,0
9151,0.00012,0
9154,0.000116,0
9160,6e-05,0
9178,0.000533,0
9180,3.5e-05,0
9181,8.1e-05,0
9182,3.6e-05,0
9204,0.000204,0
9207,0.000984,0
9212,0.008364,0
9216,0.000502,0
9220,0.007875,0
9229,0.000523,0
9231,0.00023,0
9232,0.000727,0
9234,0.00056,0
9236,0.003612,0
9239,0.004827,0
9243,0.001253,0
9247,0.001516,0
9259,3.1e-05,0
9260,0.000725,0
9272,0.001773,0
9273,0.000421,0
9276,0.000384,0
9282,0.001104,0
9286,0.000676,0
9291,0.002385,0
9300,0.011118,0
9304,0.000376,0
9308,0.00124,0
9311,0.001214,0
9312,0.000634,0
9316,0.001046,0
9317,0.008899,0
9322,0.003583,0
9337,0.208966,0
9338,0.139104,0
9347,0.000491,0
9354,0.000165,0
9366,0.000415,0
9371,0.000349,0
9372,0.000165,0
9377,0.000204,0
9381,0.000161,0
9385,0.005219,0
9386,0.000519,0
9393,0.000194,0
9394,0.000422,0
9395,4.3e-05,0
9401,5.9e-05,0
9402,0.000104,0
9413,0.179835,0
9419,0.00039,0
9427,0.000403,0
9431,0.001459,0
9446,0.002318,0
9450,0.001689,0
9452,0.005375,0
9458,0.000713,0
9459,0.000259,0
9462,0.000352,0
9467,0.000378,0
9468,0.011672,0
9475,0.000335,0
9479,0.000155,0
9482,0.041461,0
9483,0.000702,0
9484,0.000269,0
9486,0.00778,0
9488,0.050532,0
9489,0.493565,0
9500,9.4e-05,0
9503,0.000163,0
9506,9.6e-05,0
9511,0.000121,0
9517,5.5e-05,0
9521,0.000114,0
9524,0.000134,0
9525,0.00036,0
9529,0.000715,0
9541,0.000206,0
9542,0.000224,0
9547,0.000499,0
9548,0.000422,0
9554,0.000969,0
9555,0.000265,0
9558,0.000209,0
9564,0.000231,0
9568,0.001299,0
9583,0.00131,0
9586,0.000647,0
9589,0.00014,0
9592,0.002015,0
9595,0.000202,0
9624,0.001491,0
9626,0.012262,0
9633,0.001355,0
9635,9.5e-05,0
9636,0.000422,0
9641,0.004144,0
9643,0.000307,0
9650,0.001207,0
9653,0.796037,1
9655,0.035452,0
9656,0.104277,0
9659,0.996721,1
9661,0.121069,0
9663,0.962426,1
9665,0.700184,1
9671,0.104054,0
9673,2.5e-05,0
9676,0.000178,0
9685,0.001337,0
9699,0.000116,0
9713,0.001031,0
9724,0.002195,0
9727,0.000394,0
9733,0.001561,0
9736,0.00223,0
9741,0.000618,0
9744,0.000217,0
9751,0.005063,0
9755,0.25589,0
9758,0.569943,1
9759,2.8e-05,0
9762,0.000124,0
9763,0.000111,0
9765,7.4e-05,0
9778,0.000686,0
9794,0.000384,0
9801,0.001284,0
9808,0.000904,0
9816,0.000354,0
9822,0.992399,1
9827,0.926071,1
9830,0.960713,1
9837,0.002469,0
9850,0.000141,0
9854,0.001943,0
9855,0.000371,0
9857,0.007006,0
9858,0.00244,0
9861,0.000151,0
9873,0.000119,0
9874,0.00201,0
9881,0.001234,0
9884,0.000682,0
9885,0.000388,0
9889,0.000399,0
9896,0.000146,0
9904,0.010141,0
9912,0.002672,0
9950,0.002326,0
9951,0.004889,0
9954,0.001683,0
9969,0.001054,0
9978,0.008523,0
9981,0.051339,0
9982,0.002659,0
9986,0.137605,0
9987,0.323186,0
9997,6.1e-05,0
